Respondent ID,Collector ID,Start Date,End Date,IP Address,Email Address,First Name,Last Name,Custom Data 1,collector_type_source,employment_status,What is your favorite song? Please enter (1) the song name and (2) the corresponding artist name. Please use correct spelling.,,What is the primary feeling that your favorite song creates within you? Please enter only one feeling and use correct spelling.,Gender,Age,Major US Region,Device,Household Income
,,,,,,,,,,,Song Name,Artist Name,Open-Ended Response,,,,,
1.15E+11,439912229,6/4/2026 22:45,6/4/2026 22:46,,,,,ef2cbf2c83cf447af1211c0aba,smc,employed_full_time,Pieces,Muscadine bloodline,Peace,female,18_to_29,west_south_central,ios_mobile,75000_to_99999
1.15E+11,439912229,6/4/2026 22:35,6/4/2026 22:35,,,,,474286b1117de5131910ead2d1,smc,employed_full_time,n/a,n/a,n/a,female,45_to_60,south_atlantic,android_mobile,150000_to_174999
1.15E+11,439912229,6/4/2026 22:20,6/4/2026 22:29,,,,,ea251feeec44b3c30324008ac2,smc,employed_full_time,Under Pressure,Queen & David Bowie,Energy ,female,60_above,middle_atlantic,ios_mobile,25000_to_49999
1.15E+11,439912229,6/4/2026 22:24,6/4/2026 22:25,,,,,d52d951e48c43326dffe77a5c0,smc,employed_full_time,Drops of Jupiter,Train,elation,female,45_to_60,south_atlantic,android_mobile,50000_to_74999
1.15E+11,439912229,6/4/2026 22:16,6/4/2026 22:17,,,,,2858d2e5d85ecc6109902cb308,smc,employed_full_time,Sweet Caroline,Neil Diamond,Joy,female,45_to_60,east_north_central,ios_mobile,200000_and_up
1.15E+11,439912229,6/4/2026 22:13,6/4/2026 22:13,,,,,ba277278a32b50c339c1670a98,smc,employed_full_time,bunny,bad Bunny,happiness,female,60_above,pacific,android_mobile,200000_and_up
1.15E+11,439912229,6/4/2026 22:06,6/4/2026 22:07,,,,,245e9d3daaaf4c86030e3690ae,smc,employed_full_time,Healing,Messi skin,Calmness,female,45_to_60,south_atlantic,ios_mobile,150000_to_174999
1.15E+11,439912229,6/4/2026 21:54,6/4/2026 21:59,,,,,4cea289271c58cb072d754995f,smc,employed_full_time,stay,Rihanna,love,female,45_to_60,south_atlantic,android_mobile,150000_to_174999
1.15E+11,439912229,6/4/2026 21:55,6/4/2026 21:58,,,,,b476cc7105359ef655ff3a3086,smc,employed_full_time,House at Pooh Corner,Kenny Loggins,Nostalgic,female,45_to_60,south_atlantic,android_mobile,25000_to_49999
1.15E+11,439912229,6/4/2026 21:36,6/4/2026 21:38,,,,,d2621e94e32ae108442bec6e61,smc,employed_full_time,Wish you were here,Pink Floyd,"A deep longing for what once was, for a way to ease the hurts placed deep in my soul.  I am of a sensitive and very loving nature and Life is sometimes hard to deal with. ",female,60_above,west_north_central,android_mobile,50000_to_74999
1.15E+11,439912229,6/4/2026 21:28,6/4/2026 21:28,,,,,5823a53e61e70af29b29879bbd,smc,employed_full_time,Elizabeth Taylor,Taylor Swift,Happiness,female,45_to_60,south_atlantic,ios_mobile,50000_to_74999
1.15E+11,439912229,6/4/2026 21:26,6/4/2026 21:27,,,,,40d5aa7a55b06506b3027bb1b0,smc,employed_full_time,Sweet Caroline,Thomas,Love,female,60_above,west_south_central,ios_mobile,0_to_9999
1.15E+11,439912229,6/4/2026 21:12,6/4/2026 21:17,,,,,5c6a50c5d75c5262654cbbde5b,smc,employed_full_time,I Lived,One Republic,excitement,female,60_above,south_atlantic,pc_windows,25000_to_49999
1.15E+11,439912229,6/4/2026 21:12,6/4/2026 21:14,,,,,0fceb2a9acb29057b2599a936d,smc,employed_full_time,Dreams,Fleetwood mac,happiness,female,45_to_60,pacific,android_mobile,75000_to_99999
1.15E+11,439912229,6/4/2026 21:12,6/4/2026 21:13,,,,,56ed6acc5259adf42eec8d8296,smc,employed_full_time,lady,styx,love,female,60_above,pacific,android_mobile,75000_to_99999
1.15E+11,439912229,6/4/2026 20:36,6/4/2026 20:37,,,,,80e86955a2e9fbb2836458706a,smc,employed_full_time,Tacoma,Caitlyn Smith,Yearning,female,45_to_60,east_south_central,ios_mobile,25000_to_49999
1.15E+11,439912229,6/4/2026 20:11,6/4/2026 20:28,,,,,69483a18a2a6125d45d0d30a49,smc,employed_full_time,happy,pharrell williams,alive and excited makes me want to dance,female,45_to_60,middle_atlantic,android_mobile,100000_to_124999
1.15E+11,439912229,6/4/2026 20:24,6/4/2026 20:25,,,,,5eb1709a759dec1417747c1160,smc,employed_full_time,That’s Who I Praise,Brandon Lake,Joy,female,30_to_44,east_north_central,ios_mobile,25000_to_49999
1.15E+11,439912229,6/4/2026 20:24,6/4/2026 20:25,,,,,22832365e7f635bdf9cc267ea2,smc,employed_full_time,love me,justin bieber,motion,female,45_to_60,pacific,android_mobile,175000_to_199999
1.15E+11,439912229,6/4/2026 20:22,6/4/2026 20:22,,,,,7bbad5a78653e59836cf771ef6,smc,employed_full_time,Press,Cardi B,amazing,female,45_to_60,pacific,android_mobile,150000_to_174999
1.15E+11,439912229,6/4/2026 20:20,6/4/2026 20:21,,,,,14dffa0742c4e8defabccdc8f9,smc,employed_full_time,competition,David Adeleke,amazing,female,45_to_60,south_atlantic,android_mobile,175000_to_199999
1.15E+11,439912229,6/4/2026 20:16,6/4/2026 20:19,,,,,28d89cd08a8f9bca9227dfbf5c,smc,employed_full_time,Die with a Smile,Lady Gaga & Bruno Mars,Happy,female,60_above,west_south_central,ios_mobile,150000_to_174999
1.15E+11,439912229,6/4/2026 20:00,6/4/2026 20:01,,,,,8be12c6f40f3322e9ecb227a48,smc,employed_full_time,everday yours,Drake White,happy,female,45_to_60,south_atlantic,android_mobile,75000_to_99999
1.15E+11,439912229,6/4/2026 19:58,6/4/2026 19:59,,,,,a251be38a00fc0f5e419c78665,smc,employed_full_time,Where the Wild Things Are,Luke Combs,Loyalty,female,45_to_60,south_atlantic,ios_mobile,100000_to_124999
1.15E+11,439912229,6/4/2026 19:55,6/4/2026 19:58,,,,,38d975fabf670180618e7d3433,smc,employed_full_time,1965,Jessie Murph,Nostalgic,female,45_to_60,middle_atlantic,ios_mobile,50000_to_74999
1.15E+11,439912229,6/4/2026 19:56,6/4/2026 19:57,,,,,8579d30058c648318a1b1c9da3,smc,employed_full_time,carry on my wayward son,kansas,nostalga,female,45_to_60,new_england,android_mobile,100000_to_124999
1.15E+11,439912229,6/4/2026 19:56,6/4/2026 19:57,,,,,f7c45a28b442852cc448820b0c,smc,employed_full_time,Just the Way You Are,Billy Joel,Happy,female,45_to_60,mountain,ios_mobile,50000_to_74999
1.15E+11,439912229,6/4/2026 19:53,6/4/2026 19:57,,,,,777483501da7991e0b821339b3,smc,employed_full_time,HoldThe line,Toto,Melancholy,female,60_above,mountain,ios_mobile,10000_to_24999
1.15E+11,439912229,6/4/2026 19:52,6/4/2026 19:55,,,,,0cd00d331d9ec84a7b164a3c09,smc,employed_full_time,At Last,Etta James,love,female,60_above,south_atlantic,android_mobile,50000_to_74999
1.15E+11,439912229,6/4/2026 19:41,6/4/2026 19:45,,,,,acba801eba7529243abe85365a,smc,employed_full_time,Love come,Sarah McLaughlin,Calmness,female,45_to_60,east_north_central,ios_mobile,75000_to_99999
1.15E+11,439912229,6/4/2026 19:41,6/4/2026 19:41,,,,,c575065f7533a7f79c87502d9d,smc,employed_full_time,Billy Jean,Michael Jackson,Happy,female,60_above,south_atlantic,ios_mobile,25000_to_49999
1.15E+11,439912229,6/4/2026 19:27,6/4/2026 19:28,,,,,1fb714b154160cf0b97d587161,smc,employed_full_time,Never Say Goodbye,Bon jovi,happy,female,45_to_60,south_atlantic,android_mobile,50000_to_74999
1.15E+11,439912229,6/4/2026 19:25,6/4/2026 19:26,,,,,f92e23d40b7f39dd40d08dbe9b,smc,employed_full_time,Country roads,John Denver,Nostalgia,female,45_to_60,south_atlantic,ios_mobile,25000_to_49999
1.15E+11,439912229,6/4/2026 19:16,6/4/2026 19:17,,,,,8eac756ab0070ae8568aa6a3cd,smc,employed_full_time,halo,beyounce,sad,female,45_to_60,pacific,android_mobile,150000_to_174999
1.15E+11,439912229,6/4/2026 19:14,6/4/2026 19:17,,,,,d88675ec8fe0833d69220c42f5,smc,employed_full_time,na,na,na,female,30_to_44,pacific,android_mobile,150000_to_174999
1.15E+11,439912229,6/4/2026 18:46,6/4/2026 19:10,,,,,6393a7b6624505f76bac902863,smc,employed_full_time,gratitude,brandon lake,gratitude,female,45_to_60,west_north_central,pc_windows,75000_to_99999
1.15E+11,439912229,6/4/2026 19:07,6/4/2026 19:08,,,,,285bf282127da5d556780711ae,smc,employed_full_time,Paradise City,Guns & Roses,Nostalgia,female,45_to_60,east_north_central,ios_mobile,200000_and_up
1.15E+11,439912229,6/4/2026 18:59,6/4/2026 19:00,,,,,cf2af848a57c05c1b5bbdff01f,smc,employed_full_time,THE ONE,MARY J BLIGE,EMPOWERMENT,female,45_to_60,pacific,pc_windows,25000_to_49999
1.15E+11,439912229,6/4/2026 18:52,6/4/2026 18:52,,,,,3fb27525e2e85eb6eecd1fb9ce,smc,employed_full_time,None,None,None,female,45_to_60,south_atlantic,ios_mobile,10000_to_24999
1.15E+11,439912229,6/4/2026 18:47,6/4/2026 18:48,,,,,b5c3138ceebb9fbbcfd452cc9e,smc,employed_full_time,Hold on to me,Lauren Daigle,Peace,female,45_to_60,east_north_central,ios_mobile,200000_and_up
1.15E+11,439912229,6/4/2026 18:30,6/4/2026 18:31,,,,,e1626def9ae185582068f95946,smc,employed_full_time,Lifestyle,Quan,Good,female,45_to_60,south_atlantic,ios_mobile,25000_to_49999
1.15E+11,439912229,6/4/2026 17:53,6/4/2026 18:31,,,,,f945369d0b67f48d9ee8ad75c7,smc,employed_full_time,Ships in the Night,Mat Kearney,Resonance,female,30_to_44,pacific,android_mobile,10000_to_24999
1.15E+11,439912229,6/4/2026 18:18,6/4/2026 18:25,,,,,29ee6eda8a977b5904fefdd338,smc,employed_full_time,Blinding lights The Weekend Energizes,Stay  Justing Bieber Excited Happy,"Happy,Exited,Energize and Hyped",female,45_to_60,pacific,ios_mobile,200000_and_up
1.15E+11,439912229,6/4/2026 18:21,6/4/2026 18:22,,,,,c5154a104cd96e4b396a04c3a5,smc,employed_full_time,Doesn't Remind Me,Audioslave,chill,female,45_to_60,west_south_central,android_mobile,200000_and_up
1.15E+11,439912229,6/4/2026 18:19,6/4/2026 18:20,,,,,f2f2080850e48720ce815d1e12,smc,employed_full_time,Mother tears,Madame grey,Emotional,female,45_to_60,middle_atlantic,ios_mobile,50000_to_74999
1.15E+11,439912229,6/4/2026 18:05,6/4/2026 18:06,,,,,1a1f4ca5d15a5a1cb21171b0d4,smc,employed_full_time,WAP,Cardi B,the goosebumps,female,18_to_29,south_atlantic,android_mobile,150000_to_174999
1.15E+11,439912229,6/4/2026 18:00,6/4/2026 18:01,,,,,b006a6b316c229d3dd421c6c0c,smc,employed_full_time,Enchanted,Taylor Swift,Love,female,30_to_44,new_england,ios_mobile,75000_to_99999
1.15E+11,439912229,6/4/2026 17:44,6/4/2026 17:45,,,,,b9f00caec1de2fc670d7f7e1f2,smc,employed_full_time,New Romantics,Taylor Swift,Wonder,female,30_to_44,east_north_central,ios_mobile,50000_to_74999
1.15E+11,439912229,6/4/2026 17:40,6/4/2026 17:41,,,,,e1b45519d6526894096dab153c,smc,employed_full_time,As long as you love me,Backstreet Boys,Nostalgic,female,30_to_44,pacific,ios_mobile,125000_to_149999
1.15E+11,439912229,6/4/2026 17:39,6/4/2026 17:40,,,,,87dca0a6bb6dd4af510d1ad0e9,smc,employed_full_time,Naked in Manhattan,Chappell Roan,Free,female,18_to_29,east_south_central,ios_mobile,100000_to_124999
1.15E+11,439912229,6/4/2026 17:35,6/4/2026 17:36,,,,,9425632d6c2bc189b88855c5ad,smc,employed_full_time,Hallaluhia,KDLang,passion,female,60_above,mountain,android_mobile,50000_to_74999
1.15E+11,439912229,6/4/2026 17:22,6/4/2026 17:33,,,,,add3fb424322c9739a2385bb79,smc,employed_full_time,Cmonnn (Hit It One Time),5Star ft. Lay Bankz,Confident,female,30_to_44,south_atlantic,pc_mac,50000_to_74999
1.15E+11,439912229,6/4/2026 17:27,6/4/2026 17:28,,,,,0cfc9baa3b5af6f3ca983a096b,smc,employed_full_time,Supernova,"Ryan Caraveo, feat. TEZA Talks",Belonging,female,30_to_44,south_atlantic,android_mobile,10000_to_24999
1.15E+11,439912229,6/4/2026 17:25,6/4/2026 17:26,,,,,4bb69d7a6c865f6d77485a100a,smc,employed_full_time,Aperture,Harry Styles,Bold,female,30_to_44,mountain,ios_mobile,125000_to_149999
1.15E+11,439912229,6/4/2026 17:12,6/4/2026 17:15,,,,,033c65e2f97ec0153e1c3d48f8,smc,employed_full_time,Calm Down,Rema,Calmness,female,30_to_44,south_atlantic,android_mobile,175000_to_199999
1.15E+11,439912229,6/4/2026 17:10,6/4/2026 17:12,,,,,8d3ce2e907d785d1ab9aeb9c26,smc,employed_full_time,Ain’t wasting time no more,The Allman Brothers,Happiness,female,45_to_60,south_atlantic,ios_mobile,25000_to_49999
1.15E+11,439912229,6/4/2026 16:55,6/4/2026 16:56,,,,,7fb40bd56febbc2343dd5c0404,smc,employed_full_time,Cannonballers,Colony House,Happiness,female,18_to_29,west_south_central,ios_mobile,25000_to_49999
1.15E+11,439912229,6/4/2026 16:52,6/4/2026 16:54,,,,,434c839b479c865a173547dacc,smc,employed_full_time,Aye,Devido,NA,female,30_to_44,south_atlantic,android_mobile,75000_to_99999
1.15E+11,439912229,6/4/2026 16:42,6/4/2026 16:42,,,,,6ed2cc24ddcd236691a088d549,smc,employed_full_time,idk,idk,idk,female,45_to_60,pacific,android_mobile,125000_to_149999
1.15E+11,439912229,6/4/2026 16:09,6/4/2026 16:10,,,,,77bc34cae2de70c35b9e23815c,smc,employed_full_time,none,none,i enjoy lots of music,female,30_to_44,pacific,android_mobile,25000_to_49999
1.15E+11,439912229,6/4/2026 15:58,6/4/2026 15:59,,,,,840dab0f944f228c15db23c9c7,smc,employed_full_time,Move Along,All American Rejects,Nostalgia,female,30_to_44,middle_atlantic,ios_mobile,200000_and_up
1.15E+11,439912229,6/4/2026 15:40,6/4/2026 15:41,,,,,86189a24eb8a694b7858d73c77,smc,employed_full_time,God knows my pain,AI generated,Peace,female,60_above,east_south_central,ios_mobile,75000_to_99999
1.15E+11,439912229,6/4/2026 15:31,6/4/2026 15:33,,,,,d0eb6100506ce642aa7ffee32f,smc,employed_full_time,none,none,none,female,30_to_44,pacific,android_mobile,100000_to_124999
1.15E+11,439912229,6/4/2026 15:28,6/4/2026 15:29,,,,,ac1f7e935c27cdacf41cdf68e0,smc,employed_full_time,Everything,Tye Tribbet,Full,female,30_to_44,east_south_central,android_mobile,75000_to_99999
1.15E+11,439912229,6/4/2026 15:01,6/4/2026 15:02,,,,,47ca67e81d86aced3539750ede,smc,employed_full_time,Cosmic Love,Florence and the Machine,Intensity,female,30_to_44,pacific,ios_mobile,150000_to_174999
1.15E+11,439912229,6/4/2026 14:47,6/4/2026 14:48,,,,,47e7d416a385a28a5144647841,smc,employed_full_time,Take on me,Aha,Happiness. I just want to move when I hear it!,female,30_to_44,south_atlantic,ios_mobile,50000_to_74999
1.15E+11,439912229,6/4/2026 14:44,6/4/2026 14:45,,,,,c02f8d05343458daa308d4b5a1,smc,employed_full_time,Yes I'm a Mess,AJR,Validation,female,45_to_60,middle_atlantic,android_mobile,200000_and_up
1.15E+11,439912229,6/4/2026 14:26,6/4/2026 14:27,,,,,a3a474e1ffdcb0a37818a07876,smc,employed_full_time,Rhapsody in Blue,George Gershwin,Joy,female,60_above,west_north_central,pc_windows,200000_and_up
1.15E+11,439912229,6/4/2026 14:04,6/4/2026 14:05,,,,,41ab52e88f231c7da37694c396,smc,employed_full_time,i can only imagine,mercy me,inspired,female,30_to_44,pacific,android_mobile,75000_to_99999
1.15E+11,439912229,6/4/2026 14:03,6/4/2026 14:04,,,,,404f08569673b2919babca1b63,smc,employed_full_time,linkin park,crawling,rage,female,30_to_44,middle_atlantic,android_mobile,25000_to_49999
1.15E+11,439912229,6/4/2026 14:03,6/4/2026 14:03,,,,,2b6d646b20db3437ca94979e37,smc,employed_full_time,Bbvc,Vbvc,Cvvb,female,18_to_29,pacific,ios_mobile,100000_to_124999
1.15E+11,439912229,6/4/2026 13:59,6/4/2026 13:59,,,,,c2771c282dbdc3f0c859db6d9e,smc,employed_full_time,Gesthemane,Sleep Roken,bitterness,female,30_to_44,south_atlantic,android_mobile,25000_to_49999
1.15E+11,439912229,6/4/2026 13:52,6/4/2026 13:57,,,,,b3f72d8703dfe52fd1d042fce7,smc,employed_full_time,WAP,Cardi B,the goosebumps,female,18_to_29,pacific,android_mobile,150000_to_174999
1.15E+11,439912229,6/4/2026 13:54,6/4/2026 13:55,,,,,9d93a746c622ec48beaadf0a71,smc,employed_full_time,Folded,Kehlani,Great,female,18_to_29,pacific,ios_mobile,25000_to_49999
1.15E+11,439912229,6/4/2026 13:38,6/4/2026 13:39,,,,,437832e0a413cf8192b49e6de0,smc,employed_full_time,Blush,Razed In Black,Hype,female,18_to_29,pacific,ios_mobile,50000_to_74999
1.15E+11,439912229,6/4/2026 13:28,6/4/2026 13:29,,,,,4220a9c5b9d675aa302a1fb199,smc,employed_full_time,I don’t have one,Unsure,Makes me feel happy,female,30_to_44,middle_atlantic,ios_mobile,75000_to_99999
1.15E+11,439912229,6/4/2026 13:27,6/4/2026 13:27,,,,,c0d991fbf78847d7cc40a910f1,smc,employed_full_time,I want to stroll over heaven with you,Alan Jackson,Peace and joy,female,30_to_44,east_south_central,ios_mobile,100000_to_124999
1.15E+11,439912229,6/4/2026 13:25,6/4/2026 13:26,,,,,f33098804fd6dec548ed53bd31,smc,employed_full_time,Must be doing something wrong,Brett Eldridge,Happy exciting,female,30_to_44,south_atlantic,ios_mobile,0_to_9999
1.15E+11,439912229,6/4/2026 13:23,6/4/2026 13:25,,,,,e7fad147e367ff712d4b6c7411,smc,employed_full_time,Billie jean,Michael Jackson,Joy,female,30_to_44,south_atlantic,android_mobile,150000_to_174999
1.15E+11,439912229,6/4/2026 12:25,6/4/2026 13:21,,,,,f021d217cb23dd150ea33b8ada,smc,employed_full_time,Accidentally In Love,Counting Crows,Nostalgia/nostalgic,female,18_to_29,east_north_central,android_mobile,0_to_9999
1.15E+11,439912229,6/4/2026 13:01,6/4/2026 13:02,,,,,b845eabada173d6970f53951a9,smc,employed_full_time,Gods plan,Drake,Inspiration,female,30_to_44,south_atlantic,android_mobile,175000_to_199999
1.15E+11,439912229,6/4/2026 13:00,6/4/2026 13:01,,,,,c48b5f936a504f44dff38e63eb,smc,employed_full_time,Goodbye,Celine dion,warmth,female,30_to_44,,android_mobile,100000_to_124999
1.15E+11,439912229,6/4/2026 12:54,6/4/2026 12:56,,,,,2206f855784e3ab5eab0b08e7f,smc,employed_full_time,Your way’s better,Forrest Frank,Freedom,female,30_to_44,east_south_central,ios_mobile,150000_to_174999
1.15E+11,439912229,6/4/2026 12:34,6/4/2026 12:36,,,,,db7b8de371fe99e3b2b1e601cc,smc,employed_full_time,An empty street,Celine deon,it creates a state of calmness in me,female,30_to_44,middle_atlantic,android_mobile,75000_to_99999
1.15E+11,439912229,6/4/2026 12:24,6/4/2026 12:27,,,,,039f28914580329bb298ef7f75,smc,employed_full_time,N/a,N/a,N/a,female,45_to_60,south_atlantic,android_mobile,150000_to_174999
1.15E+11,439912229,6/4/2026 12:21,6/4/2026 12:22,,,,,b5c2061921c3c90e66605e3d5a,smc,employed_full_time,under the influence,christbrown,emotional,female,30_to_44,south_atlantic,android_mobile,125000_to_149999
1.15E+11,439912229,6/4/2026 12:19,6/4/2026 12:21,,,,,d4c6d59b0199d474dbdefd98aa,smc,employed_full_time,lemonade,Beyonce,it makes me feel confident,female,60_above,south_atlantic,android_mobile,25000_to_49999
1.15E+11,439912229,6/4/2026 12:10,6/4/2026 12:10,,,,,371e0e1f370413ae17244dd75d,smc,employed_full_time,No You,ZoeGIRL,joy,female,30_to_44,west_south_central,android_mobile,25000_to_49999
1.15E+11,439912229,6/4/2026 12:00,6/4/2026 12:01,,,,,350f014080b5e1a0da73cef516,smc,employed_full_time,Heal the world,Michael jackson,inspirational,female,30_to_44,middle_atlantic,android_mobile,100000_to_124999
1.15E+11,439912229,6/4/2026 11:09,6/4/2026 11:10,,,,,a9d26ea9ea4ed00f22beea3d6e,smc,employed_full_time,American girl,Harry style,Happy,female,30_to_44,south_atlantic,ios_mobile,75000_to_99999
1.15E+11,439912229,6/1/2026 21:19,6/1/2026 21:19,,,,,f9a011e5c44bf7842313ff0b20,smc,employed_full_time,the the the,i don’t know,the only way i could,female,18_to_29,south_atlantic,ios_mobile,50000_to_74999
1.15E+11,439912229,6/1/2026 19:40,6/1/2026 19:43,,,,,d8e70379b1d8958ad1f1dd737e,smc,employed_full_time,shake it off,Tailor Swift,relaxed,female,30_to_44,south_atlantic,android_mobile,150000_to_174999
1.15E+11,439912229,6/1/2026 19:40,6/1/2026 19:42,,,,,5e4636626e400fe240ff4094a0,smc,employed_full_time,Luther,Kendrick Lamar,Feels Good,female,30_to_44,south_atlantic,android_mobile,125000_to_149999
1.15E+11,439912229,6/1/2026 19:40,6/1/2026 19:41,,,,,b8aa044e8fd699a3b6b640db87,smc,employed_full_time,na,na,na,female,18_to_29,south_atlantic,android_mobile,75000_to_99999
1.15E+11,439912229,6/1/2026 18:19,6/1/2026 18:20,,,,,a7510321dd8b2c05a5c2445421,smc,employed_full_time,worship,Asake,Blessed,female,45_to_60,west_north_central,android_mobile,150000_to_174999
1.15E+11,439912229,6/1/2026 18:19,6/1/2026 18:19,,,,,8d7c5f62fbd1f68aebd5242314,smc,employed_full_time,Firework,Katy Perry,Happy,female,45_to_60,south_atlantic,ios_mobile,150000_to_174999
1.15E+11,439912229,6/1/2026 18:18,6/1/2026 18:19,,,,,2bba3446143c6c424edb594214,smc,employed_full_time,n/a,n/a,n/a,female,45_to_60,pacific,android_mobile,175000_to_199999
1.15E+11,439912229,6/1/2026 18:02,6/1/2026 18:03,,,,,34fd3691a5030de10be4e19307,smc,employed_full_time,Heroes,David Bowie,Joy,female,45_to_60,pacific,ios_mobile,100000_to_124999
1.15E+11,439912229,6/1/2026 18:02,6/1/2026 18:03,,,,,2812533409c56a48b18f9dffc2,smc,employed_full_time,mikel,joy,great,female,45_to_60,middle_atlantic,android_mobile,150000_to_174999
1.15E+11,439912229,6/1/2026 17:46,6/1/2026 17:47,,,,,a149275ee593c0fc95c5bba7b2,smc,employed_full_time,N/A,N/A,N/A,female,45_to_60,mountain,android_mobile,175000_to_199999
1.15E+11,439912229,6/1/2026 17:46,6/1/2026 17:46,,,,,101fbf781382811fabdf2accdc,smc,employed_full_time,love,wiskid,the beat,female,45_to_60,south_atlantic,android_mobile,150000_to_174999
1.15E+11,439912229,6/1/2026 17:37,6/1/2026 17:44,,,,,d7e3b54cf3675d924c1f5a1187,smc,employed_full_time,A bar song ,Shaboozey,Carefree,male,45_to_60,east_north_central,ios_mobile,200000_and_up
1.15E+11,439912229,6/1/2026 17:36,6/1/2026 17:42,,,,,a9530277cf1badeee4dcccd930,smc,employed_full_time,It's Too Late,Carole King,I have felt that during a relationship I had,male,60_above,pacific,pc_windows,125000_to_149999
1.15E+11,439912229,6/1/2026 17:38,6/1/2026 17:39,,,,,acbaedfd0673699fc433242d97,smc,employed_full_time,Equality,Tom Macdonald,Patriotism,male,45_to_60,west_south_central,android_mobile,100000_to_124999
1.15E+11,439912229,6/1/2026 17:37,6/1/2026 17:39,,,,,c25338c660a894bbd21c74f764,smc,employed_full_time,3 little bird ,Bob Marley ,Hope ,male,45_to_60,south_atlantic,android_mobile,50000_to_74999
1.15E+11,439912229,6/1/2026 17:37,6/1/2026 17:39,,,,,4d6dd122d38968ca70cb9790bf,smc,employed_full_time,Hurt,Nine inch nails,Joy,male,45_to_60,south_atlantic,android_mobile,200000_and_up
1.15E+11,439912229,6/1/2026 17:37,6/1/2026 17:38,,,,,665bdd366ed2b1add8404b3846,smc,employed_full_time,Heavy Metal,Sammy Hagar,Happy,male,45_to_60,east_south_central,ios_mobile,25000_to_49999
1.15E+11,439912229,6/1/2026 17:37,6/1/2026 17:38,,,,,743b064a93a936e8862367fa2c,smc,employed_full_time,Thuggish Ruggish Bone,Bone Thugs,Takes me back to high school 90s,male,45_to_60,pacific,android_mobile,75000_to_99999
1.15E+11,439912229,6/1/2026 17:36,6/1/2026 17:38,,,,,81926867bcf5b5cb050d62b06b,smc,employed_full_time,More Than A Feeling,Boston,It makes me feel joy.,male,60_above,west_south_central,pc_windows,150000_to_174999
1.15E+11,439912229,6/1/2026 17:37,6/1/2026 17:38,,,,,e48a08e8bea788c252eff55aaf,smc,employed_full_time,Friends in low places,Garth Brooks,I can relate to this song,male,45_to_60,mountain,pc_windows,75000_to_99999
1.15E+11,439912229,6/1/2026 17:37,6/1/2026 17:38,,,,,73a1b5e9251788587d30d3cb61,smc,employed_full_time,Livin on a Prayer ,Bon Jovi,Memories,male,45_to_60,south_atlantic,ios_mobile,50000_to_74999
1.15E+11,439912229,6/1/2026 17:38,6/1/2026 17:38,,,,,6f349290de5daaf6384b6a1846,smc,employed_full_time,good,better,best,female,45_to_60,pacific,android_mobile,150000_to_174999
1.15E+11,439912229,6/1/2026 17:35,6/1/2026 17:38,,,,,18696fa5a26d1c89c23d0ffd5d,smc,employed_full_time,Win,Jay rock,Happy ,male,45_to_60,mountain,android_mobile,50000_to_74999
1.15E+11,439912229,6/1/2026 17:37,6/1/2026 17:37,,,,,345623e4b4f396604910446e5d,smc,employed_full_time,Still I rise,Yolanda adams ,Worship music ,male,60_above,pacific,android_mobile,0_to_9999
1.15E+11,439912229,6/1/2026 17:35,6/1/2026 17:37,,,,,1ae39ac495871cd7f00bd500fc,smc,employed_full_time,Immigrant song,Led Zeppelin ,Excitement ,male,60_above,middle_atlantic,android_mobile,100000_to_124999
1.15E+11,439912229,6/1/2026 17:37,6/1/2026 17:37,,,,,12500e74b6e696e66ae34de4bd,smc,employed_full_time,Dust to dust ,The warning ,Happy and joy ,male,45_to_60,west_north_central,android_mobile,50000_to_74999
1.15E+11,439912229,6/1/2026 17:36,6/1/2026 17:37,,,,,4e9ea2237861ed9d90a5bf431d,smc,employed_full_time,The Call of Ktulu,Metallica ,Strength,male,45_to_60,east_north_central,ios_mobile,150000_to_174999
1.15E+11,439912229,6/1/2026 17:37,6/1/2026 17:37,,,,,c84f57b239886b597f8a32172c,smc,employed_full_time,Wish you were here,Pink Floyd,Nostalgia ,male,45_to_60,west_south_central,ios_mobile,125000_to_149999
1.15E+11,439912229,6/1/2026 17:36,6/1/2026 17:37,,,,,8fc3d1b3004dbca7378348997a,smc,employed_full_time,Little guitars ,Van Halen,Makes me happy ,male,45_to_60,pacific,ios_mobile,75000_to_99999
1.15E+11,439912229,6/1/2026 17:36,6/1/2026 17:37,,,,,f83b638b08020244a11609e16c,smc,employed_full_time,Seasons in the Abyss ,Slayer,Energy ,male,60_above,west_north_central,android_mobile,50000_to_74999
1.15E+11,439912229,6/1/2026 17:37,6/1/2026 17:37,,,,,baac4cf2d303a8f1def8437a58,smc,employed_full_time,Thriller,Michael Jackson ,Want to dance,male,45_to_60,east_north_central,android_mobile,50000_to_74999
1.15E+11,439912229,6/1/2026 17:36,6/1/2026 17:37,,,,,f398adcca94810fd9309207c02,smc,employed_full_time,Welcome to the jungle ,Guns & Roses ,Energy ,male,45_to_60,south_atlantic,ios_mobile,100000_to_124999
1.15E+11,439912229,6/1/2026 17:36,6/1/2026 17:37,,,,,f141ce3d906e82fea958c3354d,smc,employed_full_time,Arlington,Trace Adkins,Make me happy ,male,45_to_60,south_atlantic,android_mobile,0_to_9999
1.15E+11,439912229,6/1/2026 17:36,6/1/2026 17:37,,,,,75f2a0f9b2e03072a8b1641d3c,smc,employed_full_time,Don't ,Know,Noise,male,45_to_60,new_england,android_mobile,25000_to_49999
1.15E+11,439912229,6/1/2026 17:36,6/1/2026 17:37,,,,,399d378ce1635010b03de2d7e5,smc,employed_full_time,Kashmir,Led Zeppelin,It has always motivated me to be my best.,male,45_to_60,east_north_central,pc_windows,125000_to_149999
1.15E+11,439912229,6/1/2026 17:36,6/1/2026 17:37,,,,,12e8dda9ed7b9d0352203096ad,smc,employed_full_time,Mr krinkle,Primus,Excitement,male,45_to_60,east_north_central,android_mobile,50000_to_74999
1.15E+11,439912229,6/1/2026 17:36,6/1/2026 17:37,,,,,e0dad0f398fc98b49fbb96e362,smc,employed_full_time,J,Check ,Live,male,45_to_60,south_atlantic,android_mobile,0_to_9999
1.15E+11,439912229,6/1/2026 17:36,6/1/2026 17:37,,,,,896bd538b4c98a92a1517962c5,smc,employed_full_time,Michael Jackson ,Beat it,Free spirit,male,45_to_60,south_atlantic,android_mobile,50000_to_74999
1.15E+11,439912229,6/1/2026 17:35,6/1/2026 17:37,,,,,852e56439cf34d071125592cc8,smc,employed_full_time,This Hard Land,Bruce Springsteen youth,"Youth, work, family business, togetherness ",male,45_to_60,middle_atlantic,ios_mobile,200000_and_up
1.15E+11,439912229,6/1/2026 17:34,6/1/2026 17:37,,,,,3d4036ec937841b75a46bdca5f,smc,employed_full_time,Something about you,Level 42,Joy,male,45_to_60,west_north_central,ios_mobile,50000_to_74999
1.15E+11,439912229,6/1/2026 17:36,6/1/2026 17:37,,,,,c3150ee8596b2c68545cedac3b,smc,employed_full_time,Wonderwall,Oasis,Youth,male,45_to_60,middle_atlantic,ios_mobile,75000_to_99999
1.15E+11,439912229,6/1/2026 17:35,6/1/2026 17:36,,,,,ad833a977676c7602a7e5a8b2a,smc,employed_full_time,Comfortably Numb,Pink Floyd ,Relaxation ,male,45_to_60,middle_atlantic,android_mobile,75000_to_99999
1.15E+11,439912229,6/1/2026 17:36,6/1/2026 17:36,,,,,e70c1f1bf40c1fc047c571f1cb,smc,employed_full_time,Turn the lights back on,Billy joel,Makes me hopeful,male,45_to_60,middle_atlantic,ios_mobile,75000_to_99999
1.15E+11,439912229,6/1/2026 17:36,6/1/2026 17:36,,,,,124078038035536c55107c5b95,smc,employed_full_time,Operator,Jim Croce,just happy,male,45_to_60,east_north_central,pc_windows,50000_to_74999
1.15E+11,439912229,6/1/2026 17:35,6/1/2026 17:36,,,,,bea8097e0e4c2c9afefd9e93f4,smc,employed_full_time,Simple Man ,Lynard Skynard ,How good the simple life is.,male,60_above,west_south_central,android_mobile,50000_to_74999
1.15E+11,439912229,6/1/2026 17:35,6/1/2026 17:36,,,,,ddfb9182ae63471c0083f60432,smc,employed_full_time,California love ,Tupac ,Just a chill vibe ,male,45_to_60,middle_atlantic,android_mobile,25000_to_49999
1.15E+11,439912229,6/1/2026 17:35,6/1/2026 17:36,,,,,8e0d4d365ecc619da6e3b03d42,smc,employed_full_time,Jungleland,Bruce Springsteen,Overpowering,male,60_above,middle_atlantic,pc_mac,75000_to_99999
1.15E+11,439912229,6/1/2026 17:35,6/1/2026 17:36,,,,,e22486325531a084040e1a148a,smc,employed_full_time,Nothing else matters ,Mettalica,Happy ,male,45_to_60,east_south_central,ios_mobile,25000_to_49999
1.15E+11,439912229,6/1/2026 17:35,6/1/2026 17:36,,,,,814461ee63851048c4ba8e94bf,smc,employed_full_time,Naive melody ,Talking heads ,Comfy,male,45_to_60,south_atlantic,ios_mobile,50000_to_74999
1.15E+11,439912229,6/1/2026 17:34,6/1/2026 17:36,,,,,cd330a09ca29532e1c88b5ce97,smc,employed_full_time,Aloha ke Akua,Nahko and Medicine for the People,Hopeful,male,60_above,west_north_central,android_mobile,25000_to_49999
1.15E+11,439912229,6/1/2026 17:35,6/1/2026 17:36,,,,,f79124dc5158e40fe5d6146d85,smc,employed_full_time,Here Comes the Sun,The Beatles,Optimism,male,60_above,west_south_central,pc_windows,125000_to_149999
1.15E+11,439912229,6/1/2026 17:35,6/1/2026 17:36,,,,,6f15b108558ecc054db35e9441,smc,employed_full_time,Lay it on the line,Triumph,Awesome,male,45_to_60,east_north_central,ios_mobile,100000_to_124999
1.15E+11,439912229,6/1/2026 17:35,6/1/2026 17:35,,,,,105aa955a9652eb6d08358f097,smc,employed_full_time,Aenema,Tool ,Shock and awe,male,45_to_60,middle_atlantic,android_mobile,75000_to_99999
1.15E+11,439912229,6/1/2026 17:34,6/1/2026 17:35,,,,,7383193c90cb272efd0a1a27c6,smc,employed_full_time,Royals,Lorde,Happy,male,45_to_60,mountain,ios_mobile,75000_to_99999
1.15E+11,439912229,6/1/2026 17:34,6/1/2026 17:35,,,,,c10af8336d1024e3bebc7839b8,smc,employed_full_time,Shallow,Lady Gaga,melancholy,male,45_to_60,east_north_central,pc_mac,175000_to_199999
1.15E+11,439912229,6/1/2026 17:33,6/1/2026 17:34,,,,,c96909e754d0bbc90002638ce5,smc,employed_full_time,Don’t You Give Up On Me,Lissie,This is a very good song with great musical tune supporting the lyrics.,male,60_above,south_atlantic,pc_mac,200000_and_up
1.15E+11,439912229,6/1/2026 17:31,6/1/2026 17:34,,,,,dadccc3e5a1175c2e6e4ab7e3a,smc,employed_full_time,If your gone ,Matchbox Twenty,Happiest ,male,45_to_60,east_south_central,ios_mobile,50000_to_74999
1.15E+11,439912229,6/1/2026 17:33,6/1/2026 17:34,,,,,d77d236fa14916fb6a6c3df5d4,smc,employed_full_time,Subdivisions,RUSH,Memories of growing up in the suburbs,male,60_above,south_atlantic,pc_windows,25000_to_49999
1.15E+11,439912229,6/1/2026 17:33,6/1/2026 17:34,,,,,33a266cc369d9f121fa04e95fb,smc,employed_full_time,total eclipse of the heart,Bonnie Tyler,Nostalgia,male,45_to_60,west_south_central,pc_mac,50000_to_74999
1.15E+11,439912229,6/1/2026 17:33,6/1/2026 17:34,,,,,e47656ef680b6c64a321848800,smc,employed_full_time,We are the world ,Michael Jackson ,Tenderness,male,45_to_60,middle_atlantic,ios_mobile,0_to_9999
1.15E+11,439912229,6/1/2026 17:33,6/1/2026 17:34,,,,,c2479b5d88cdcc2d987213d3aa,smc,employed_full_time,I can only imagine ,Mercy me,Peace,male,45_to_60,east_north_central,ios_mobile,100000_to_124999
1.15E+11,439912229,6/1/2026 17:33,6/1/2026 17:34,,,,,01c8075163e19a9ea976ce59de,smc,employed_full_time,Just the way you are ,Billy Joel,Nostalgia,male,60_above,south_atlantic,android_mobile,150000_to_174999
1.15E+11,439912229,6/1/2026 17:33,6/1/2026 17:34,,,,,4adffcf06e5cbc37a7bb935e45,smc,employed_full_time,My Sacrifice,Creed,It gets me pumped up and want to make me rock out. ,male,45_to_60,middle_atlantic,pc_windows,100000_to_124999
1.15E+11,439912229,6/1/2026 17:33,6/1/2026 17:33,,,,,01b4830669323bb8c6489049c8,smc,employed_full_time,Peg,Steely Dan ,Nostalgic ,male,45_to_60,mountain,android_mobile,25000_to_49999
1.15E+11,439912229,6/1/2026 17:32,6/1/2026 17:33,,,,,d757ad0a8ce22924ef44e13784,smc,employed_full_time,Thunderstruck ,AC/DC,Upbeat ,male,45_to_60,west_north_central,ios_mobile,125000_to_149999
1.15E+11,439912229,6/1/2026 17:31,6/1/2026 17:33,,,,,49555f5a7c317883def0fdc7dd,smc,employed_full_time,stairway to heaven,led zepplin,it is a masterpiece that will never be duplicated,male,45_to_60,east_north_central,pc_windows,50000_to_74999
1.15E+11,439912229,6/1/2026 17:32,6/1/2026 17:33,,,,,757ffb65fde260fec5055febf9,smc,employed_full_time,Master of Puppets ,Metallica ,Energized,male,45_to_60,east_north_central,android_mobile,175000_to_199999
1.15E+11,439912229,6/1/2026 17:31,6/1/2026 17:33,,,,,26cce6e160bce57b09783211e5,smc,employed_full_time,Kryptonite ,Three Doors Down,Energized,male,45_to_60,pacific,android_mobile,200000_and_up
1.15E+11,439912229,6/1/2026 17:32,6/1/2026 17:33,,,,,3c3efa754f01589efc8b42c440,smc,employed_full_time,Thriller,Michael Jackson,Happy,male,45_to_60,mountain,ios_mobile,50000_to_74999
1.15E+11,439912229,6/1/2026 17:32,6/1/2026 17:33,,,,,17436d049a7c31954b238a2569,smc,employed_full_time,Neon moon ,Brooks and dunn,Happy ,male,45_to_60,west_south_central,ios_mobile,50000_to_74999
1.15E+11,439912229,6/1/2026 17:32,6/1/2026 17:33,,,,,dbc315085cfd7a018174d73da8,smc,employed_full_time,Stairway to heaven ,Led Zeppelin ,Makes me feel youo,male,60_above,south_atlantic,ios_mobile,200000_and_up
1.15E+11,439912229,6/1/2026 17:31,6/1/2026 17:32,,,,,2c7847445c4a26b6916beb42b0,smc,employed_full_time,Follow,Imagine Dragons,Feel good and not alone,male,45_to_60,south_atlantic,ios_mobile,50000_to_74999
1.15E+11,439912229,6/1/2026 17:32,6/1/2026 17:32,,,,,5e69e60a44fdaa8d1ea22971b8,smc,employed_full_time,Us and them,Pink floyd,Powerful,male,45_to_60,mountain,ios_mobile,100000_to_124999
1.15E+11,439912229,6/1/2026 17:31,6/1/2026 17:32,,,,,99e1bb9799318b7bcfdf26ccb9,smc,employed_full_time,For the love of you ,Ronald Isley ,Love ,male,60_above,east_north_central,android_mobile,50000_to_74999
1.15E+11,439912229,6/1/2026 17:30,6/1/2026 17:32,,,,,34313e2cc36557c9d75ed6ea62,smc,employed_full_time,Fake It,Seether ,Contented ,male,45_to_60,south_atlantic,android_mobile,50000_to_74999
1.15E+11,439912229,6/1/2026 17:29,6/1/2026 17:32,,,,,93255acb36eb3c7bcaa1cff443,smc,employed_full_time,Walk Like An Egyptian,The Bangles,Takes me back to high school years and the fun times I had!,female,60_above,pacific,ios_mobile,50000_to_74999
1.15E+11,439912229,6/1/2026 17:31,6/1/2026 17:32,,,,,0e4feceb88036f6ab5b516313d,smc,employed_full_time,The Voice ,Celtics Women ,Joy,male,45_to_60,pacific,android_mobile,75000_to_99999
1.15E+11,439912229,6/1/2026 17:30,6/1/2026 17:32,,,,,4f1bfc3ddaaffc9f55ab4f1701,smc,employed_full_time,Breath,Everncesense ,Hope and sense of energy,male,45_to_60,mountain,android_mobile,100000_to_124999
1.15E+11,439912229,6/1/2026 17:31,6/1/2026 17:32,,,,,8d5781a5f16cf039cbcd9c7903,smc,employed_full_time,Mannish Boy,Muddy Waters ,Blues,male,45_to_60,east_north_central,android_mobile,10000_to_24999
1.15E+11,439912229,6/1/2026 17:30,6/1/2026 17:31,,,,,b9a2fdd08034173383791174ed,smc,employed_full_time,yes,good,yes,female,30_to_44,east_north_central,android_mobile,175000_to_199999
1.15E+11,439912229,6/1/2026 17:30,6/1/2026 17:31,,,,,59fd979dacb0bda23963711b69,smc,employed_full_time,Every Chance I get,Dj khaled,It gives me joy ,male,45_to_60,middle_atlantic,android_mobile,150000_to_174999
1.15E+11,439912229,6/1/2026 17:30,6/1/2026 17:31,,,,,983d854a85a1137aee78d5aed8,smc,employed_full_time,Fucking Determined ,Mudvayne,My mom told me that I couldn’t survive without her ,male,45_to_60,mountain,ios_mobile,175000_to_199999
1.15E+11,439912229,6/1/2026 17:30,6/1/2026 17:31,,,,,a6a6128c7088f7ebf2dbb98641,smc,employed_full_time,Enchanted,Taylor Swift,Comfort,female,30_to_44,east_north_central,android_mobile,150000_to_174999
1.15E+11,439912229,6/1/2026 17:31,6/1/2026 17:31,,,,,c0ac6dbdfebfa55d39574c07f8,smc,employed_full_time,NA,Na,NA,female,30_to_44,new_england,android_mobile,100000_to_124999
1.15E+11,439912229,6/1/2026 17:30,6/1/2026 17:31,,,,,7e9110faf6f0b9117e205a6289,smc,employed_full_time,Walk in My Shoes,Depeche Mode,Strength,male,45_to_60,mountain,ios_mobile,75000_to_99999
1.15E+11,439912229,6/1/2026 17:30,6/1/2026 17:31,,,,,5443dfc18cb52bd49e8f7638f2,smc,employed_full_time,Iron man,Black sabbath ,Joy,male,45_to_60,east_north_central,android_mobile,150000_to_174999
1.15E+11,439912229,6/1/2026 17:30,6/1/2026 17:31,,,,,87d505b8e2dd91b069091c17bd,smc,employed_full_time,Red Guitar,Kris Allen,Warmth,female,30_to_44,east_north_central,ios_mobile,50000_to_74999
1.15E+11,439912229,6/1/2026 17:30,6/1/2026 17:30,,,,,9c1c081d2d21d1297be563520a,smc,,Magic Power,Triumph,It takes me on a musical journey,,,,android_mobile,no_answer
1.15E+11,439881934,5/29/2026 1:27,5/29/2026 1:28,,,,,c122735b0a31b11fdfdde15ddd,smc,employed_full_time,Make itva better place,Michael jackson,peace,female,30_to_44,east_north_central,android_mobile,100000_to_124999
1.15E+11,439881934,5/29/2026 1:01,5/29/2026 1:04,,,,,0a435479c87dba224853882389,smc,employed_full_time,perfect,ed shareen,calm,female,30_to_44,pacific,android_mobile,125000_to_149999
1.15E+11,439881934,5/29/2026 0:35,5/29/2026 0:36,,,,,eae5211030586c47ed203db5e1,smc,employed_full_time,Pop,Laura pausini,Not sure,female,30_to_44,new_england,ios_mobile,0_to_9999
1.15E+11,439881934,5/29/2026 0:09,5/29/2026 0:10,,,,,313d937fc4952ed4412b708f0b,smc,employed_full_time,Celibate Now,Girl in a Coma,Euphoria,female,30_to_44,east_south_central,ios_mobile,25000_to_49999
1.15E+11,439881934,5/28/2026 23:09,5/28/2026 23:10,,,,,5f4657e9ea4d458824940f47e7,smc,employed_full_time,Man in the mirror,Michael Jackson,The song inspires me to be better and thankful for what I have.,female,45_to_60,mountain,ios_mobile,50000_to_74999
1.15E+11,439881934,5/28/2026 23:04,5/28/2026 23:05,,,,,817e1493bee44465f961451704,smc,employed_full_time,david,mike,very good,male,45_to_60,pacific,android_mobile,125000_to_149999
1.15E+11,439881934,5/28/2026 23:04,5/28/2026 23:04,,,,,00e35a314f139ec0085800e79b,smc,employed_full_time,good,good,g,male,45_to_60,pacific,android_mobile,175000_to_199999
1.15E+11,439881934,5/28/2026 23:02,5/28/2026 23:04,,,,,2d5851ea703e4828ddf5a80436,smc,employed_full_time,Blame it on Me,Morgan Wallen,Good vibes,female,45_to_60,pacific,ios_mobile,175000_to_199999
1.15E+11,439881934,5/28/2026 22:44,5/28/2026 22:45,,,,,421dff6c8b32ea5ceda3c7acb8,smc,employed_full_time,One Dance,Drake,amazing,female,45_to_60,pacific,android_mobile,150000_to_174999
1.15E+11,439881934,5/28/2026 22:44,5/28/2026 22:45,,,,,9fe17377372bcf1f113d142255,smc,employed_full_time,It's My Life,Bon Jovi,Strength,female,60_above,west_north_central,android_mobile,75000_to_99999
1.15E+11,439881934,5/28/2026 22:44,5/28/2026 22:45,,,,,220790a4a3c0feee10dc8e448b,smc,employed_full_time,Piece,drake,good,female,45_to_60,middle_atlantic,android_mobile,150000_to_174999
1.15E+11,439881934,5/28/2026 22:40,5/28/2026 22:42,,,,,21624e70857decf6a9896cc478,smc,employed_full_time,Cassidy,Grateful Dead,Peace and tranquility,male,60_above,south_atlantic,ios_mobile,25000_to_49999
1.15E+11,439881934,5/28/2026 22:40,5/28/2026 22:41,,,,,fa5ef420a43da1d155b7ea5c74,smc,employed_full_time,Shpe of you,Ed sheeran,Happy,male,45_to_60,south_atlantic,android_mobile,125000_to_149999
1.15E+11,439881934,5/28/2026 22:40,5/28/2026 22:40,,,,,63c9488023dd68d0adf1796d01,smc,employed_full_time,The end,The doors,Nostalgia,male,45_to_60,middle_atlantic,ios_mobile,175000_to_199999
1.15E+11,439881934,5/28/2026 22:32,5/28/2026 22:33,,,,,44f1c0a63364c4e2ef948ea459,smc,employed_full_time,Lengardry,Ed sheram,good,male,45_to_60,pacific,android_mobile,150000_to_174999
1.15E+11,439881934,5/28/2026 22:28,5/28/2026 22:29,,,,,8b1f58881bec2f0fefc9437883,smc,employed_full_time,thunder,imagine dragons,power,female,45_to_60,west_north_central,android_mobile,100000_to_124999
1.15E+11,439881934,5/28/2026 22:28,5/28/2026 22:29,,,,,ee89a69f457d333c7f70785cea,smc,employed_full_time,one love,bob marly,nice,female,45_to_60,middle_atlantic,android_mobile,75000_to_99999
1.15E+11,439881934,5/28/2026 22:04,5/28/2026 22:22,,,,,16c8c82312c8f3218ce0dd2fb3,smc,employed_full_time,Had enough,Breaking Benjamin,Reheat,male,18_to_29,west_north_central,android_mobile,25000_to_49999
1.15E+11,439881934,5/28/2026 22:14,5/28/2026 22:20,,,,,1da3113ea404459852e3dc9b9b,smc,employed_full_time,Dancing with the stars,Jeffie stave,Having the best time and having fun,female,45_to_60,pacific,ios_mobile,150000_to_174999
1.15E+11,439881934,5/28/2026 22:14,5/28/2026 22:15,,,,,ceaa37ff70d1565ff4049de5cc,smc,employed_full_time,What do I have to do,Stabbing westward,Understanding,female,45_to_60,west_north_central,ios_mobile,100000_to_124999
1.15E+11,439881934,5/28/2026 22:11,5/28/2026 22:12,,,,,bc457dc642465f792cd5e122de,smc,employed_full_time,me,you,yez,male,45_to_60,pacific,android_mobile,175000_to_199999
1.15E+11,439881934,5/28/2026 22:08,5/28/2026 22:10,,,,,dff80703016a2cb512a4cec139,smc,employed_full_time,Mountains,Prince,Serenity,male,45_to_60,south_atlantic,ios_mobile,100000_to_124999
1.15E+11,439881934,5/28/2026 22:08,5/28/2026 22:09,,,,,7330319a023958ecfcbce35fa0,smc,employed_full_time,Wind beneath my wings,Bette milder,It makes feel inspired and motivated to be my best,male,45_to_60,south_atlantic,ios_mobile,50000_to_74999
1.15E+11,439881934,5/28/2026 22:04,5/28/2026 22:08,,,,,66e5cd34b5b5ff7d57a72c61bd,smc,employed_full_time,Lonely Boy,The Black Keys,Upbeat,male,30_to_44,west_north_central,pc_windows,25000_to_49999
1.15E+11,439881934,5/28/2026 22:03,5/28/2026 22:07,,,,,5ac836026c31d1cc888daf3782,smc,employed_full_time,Move Bitch,Ludacris,Rage,male,30_to_44,west_south_central,android_mobile,10000_to_24999
1.15E+11,439881934,5/28/2026 22:04,5/28/2026 22:06,,,,,3a5a0aa7134b4c3b91602631ec,smc,employed_full_time,When I’m gone ,Three doors down ,It gives me mixed emotions it causes sadness and pleasure ,male,30_to_44,pacific,ios_mobile,25000_to_49999
1.15E+11,439881934,5/28/2026 22:04,5/28/2026 22:06,,,,,17638c7bea76e19f1366da8087,smc,employed_full_time,Ghetto cowboy ,Bone thugs n harmony ,It is how I live ,male,30_to_44,mountain,android_mobile,25000_to_49999
1.15E+11,439881934,5/28/2026 22:04,5/28/2026 22:05,,,,,fd9d93a2ea4dbf8a42226b9d8f,smc,employed_full_time,Juicy ,Doja cat,Sexy ,male,18_to_29,middle_atlantic,ios_mobile,75000_to_99999
1.15E+11,439881934,5/28/2026 22:02,5/28/2026 22:05,,,,,df6df783a13791bdc8ae69d10d,smc,employed_full_time,I will always love you ,Whitney Houston ,"The primary feeling of the song I Will Always Love You by Whitney Houston is deep love mixed with sadness and letting go. It expresses emotional farewell, gratitude, and enduring affection.",male,30_to_44,south_atlantic,ios_mobile,25000_to_49999
1.15E+11,439881934,5/28/2026 22:04,5/28/2026 22:05,,,,,84e9623ad54fe967284bcd3cc4,smc,employed_full_time,Opus,Eric Prydz,Joy,male,18_to_29,middle_atlantic,android_mobile,175000_to_199999
1.15E+11,439881934,5/28/2026 22:04,5/28/2026 22:05,,,,,a1a1335b7a5e7a0b79aa438f23,smc,employed_full_time,Dream chasers ,Meek mill,I love how it makes me feel happy ,male,18_to_29,east_north_central,ios_mobile,75000_to_99999
1.15E+11,439881934,5/28/2026 22:03,5/28/2026 22:05,,,,,de80aa103bae5a9a2b610393a5,smc,employed_full_time,Wear my thug at,Bone thugs ,Good ,male,30_to_44,south_atlantic,android_mobile,50000_to_74999
1.15E+11,439881934,5/28/2026 22:04,5/28/2026 22:05,,,,,4b4a219c9078a6245cbff559c0,smc,employed_full_time,Gods bathroom floor ,Atmosphere ,Peaceful,male,30_to_44,pacific,ios_mobile,200000_and_up
1.15E+11,439881934,5/28/2026 22:04,5/28/2026 22:05,,,,,446fb76a4b8784ca71005af78f,smc,employed_full_time,I'll pray for you,Not sure,Happiness ,male,30_to_44,east_south_central,android_mobile,10000_to_24999
1.15E+11,439881934,5/28/2026 22:04,5/28/2026 22:05,,,,,6f1c4a2f1cc27d1a89e5b2f6b1,smc,employed_full_time,Croetia,Karol G,"Like a longing, sexual energy and very happy ",male,30_to_44,mountain,ios_mobile,50000_to_74999
1.15E+11,439881934,5/28/2026 22:02,5/28/2026 22:05,,,,,0c02d3168a854d297bc4fdc8d2,smc,employed_full_time,Wonderwall,Oasis,Nostalgia ,male,30_to_44,west_south_central,ios_mobile,75000_to_99999
1.15E+11,439881934,5/28/2026 22:03,5/28/2026 22:05,,,,,83c9e9199aba05acbeaca49ab0,smc,employed_full_time,I’m not sure ,I’m not sure ,I’m not sure ,male,30_to_44,south_atlantic,ios_mobile,50000_to_74999
1.15E+11,439881934,5/28/2026 22:04,5/28/2026 22:05,,,,,ae8e13c66bc1eaaf1a48bbfecf,smc,employed_full_time,Name,Goo Goo Dolls,Nostalgia ,male,30_to_44,middle_atlantic,ios_mobile,125000_to_149999
1.15E+11,439881934,5/28/2026 22:03,5/28/2026 22:05,,,,,d2e122eca5547602082016984e,smc,employed_full_time,Dani California,Red Hot Chili Peppers ,Fun,male,30_to_44,east_north_central,android_mobile,50000_to_74999
1.15E+11,439881934,5/28/2026 22:04,5/28/2026 22:05,,,,,8ab72c5feea0486ffc1df86841,smc,employed_full_time,What u need,Tems,Makes me feel like I want to sing ,male,30_to_44,south_atlantic,ios_mobile,10000_to_24999
1.15E+11,439881934,5/28/2026 22:04,5/28/2026 22:05,,,,,0a9fdad6dc8976cc0ba2a82721,smc,employed_full_time,Outside the Rain,Stevie Nicks,Joy,male,18_to_29,middle_atlantic,ios_mobile,100000_to_124999
1.15E+11,439881934,5/28/2026 22:02,5/28/2026 22:04,,,,,bc231a5fd119a5bad960afba73,smc,employed_full_time,lonely child,yb,it is a song with a power speech,male,18_to_29,east_north_central,ios_mobile,25000_to_49999
1.15E+11,439881934,5/28/2026 22:03,5/28/2026 22:04,,,,,035ac7adc4866bdda712441e3b,smc,employed_full_time,Fasho ,Fasho ,Yes,male,30_to_44,east_north_central,ios_mobile,0_to_9999
1.15E+11,439881934,5/28/2026 22:04,5/28/2026 22:04,,,,,c1bef6a705d03d4643cd19b5f3,smc,employed_full_time,Don’t doubt the god,Montana of 300,Energy and motivation ,male,30_to_44,south_atlantic,ios_mobile,75000_to_99999
1.15E+11,439881934,5/28/2026 22:02,5/28/2026 22:04,,,,,4c10e33e653ab3ca5ff459c2fa,smc,employed_full_time,Redemption song,Bob marley ,Eye of the tiger strength culture and motivation ,male,30_to_44,middle_atlantic,android_mobile,25000_to_49999
1.15E+11,439881934,5/28/2026 22:03,5/28/2026 22:04,,,,,71769b36eb4538dcf8d326db2d,smc,employed_full_time,Strangers,The Kinks,Bliss,male,30_to_44,east_south_central,android_mobile,100000_to_124999
1.15E+11,439881934,5/28/2026 22:03,5/28/2026 22:04,,,,,486bd3d577e76e12efbcc81b0e,smc,employed_full_time,Boulevard of broken dreams,Green Day,Comfort,male,18_to_29,west_north_central,android_mobile,0_to_9999
1.15E+11,439881934,5/28/2026 22:04,5/28/2026 22:04,,,,,720e18ff4827d6a0e75d242ceb,smc,employed_full_time,Shake it off,Taylor swift,Happiness,male,30_to_44,pacific,ios_mobile,75000_to_99999
1.15E+11,439881934,5/28/2026 22:04,5/28/2026 22:04,,,,,0f6a6252bc6642b1b0eadefb17,smc,employed_full_time,Soss,Chief keef,It makes me feel exited,male,30_to_44,pacific,ios_mobile,75000_to_99999
1.15E+11,439881934,5/28/2026 22:03,5/28/2026 22:04,,,,,3a4d5724465a9b36aebce40741,smc,employed_full_time,Man in the mirror ,Michael Jackson ,Hope,male,30_to_44,pacific,ios_mobile,100000_to_124999
1.15E+11,439881934,5/28/2026 22:03,5/28/2026 22:04,,,,,d2356bc887869171108fb548a7,smc,employed_full_time,Live to me,Jose ,Awesome ,male,18_to_29,pacific,android_mobile,10000_to_24999
1.15E+11,439881934,5/28/2026 22:03,5/28/2026 22:04,,,,,dc999070bc5309596c25699d78,smc,employed_full_time,Black hole sun,Soundgarden,Happiness ,male,30_to_44,middle_atlantic,android_mobile,0_to_9999
1.15E+11,439881934,5/28/2026 22:02,5/28/2026 22:04,,,,,b2fdc1e32c221d31fc422ade30,smc,employed_full_time,Yeah ,Usher,Excitement ,male,30_to_44,south_atlantic,ios_mobile,75000_to_99999
1.15E+11,439881934,5/28/2026 22:04,5/28/2026 22:04,,,,,fb613ac75c82c1c8c91c32ae24,smc,employed_full_time,Love me ,Lil wayne,The words,male,18_to_29,east_north_central,android_mobile,25000_to_49999
1.15E+11,439881934,5/28/2026 22:02,5/28/2026 22:04,,,,,242a7cc392c3020c08c1f39a49,smc,employed_full_time,Choices,George Jones,Inspiration inspired,male,30_to_44,south_atlantic,android_mobile,0_to_9999
1.15E+11,439881934,5/28/2026 22:03,5/28/2026 22:04,,,,,8b4895c18691afc2bae71163d3,smc,employed_full_time,Glycerine ,Bush,Nostalgia ,male,30_to_44,south_atlantic,android_mobile,125000_to_149999
1.15E+11,439881934,5/28/2026 22:03,5/28/2026 22:04,,,,,4a21e97a74d98b45b7a373168a,smc,employed_full_time,To live and die in LA,2pac,"My city, my hometown",male,30_to_44,pacific,ios_mobile,25000_to_49999
1.15E+11,439881934,5/28/2026 22:02,5/28/2026 22:04,,,,,a095b9ec8ecbb4afde056d1dca,smc,employed_full_time,Disconnected ,Avaitors ,Loneliness ,male,18_to_29,south_atlantic,android_mobile,25000_to_49999
1.15E+11,439881934,5/28/2026 22:03,5/28/2026 22:04,,,,,c0ac14efc1ba34f373f96c13a4,smc,employed_full_time,Dollhouse,Melanie Martinez,I like the trapped feeling that it gives me.,male,18_to_29,middle_atlantic,android_mobile,25000_to_49999
1.15E+11,439881934,5/28/2026 22:03,5/28/2026 22:04,,,,,0ab5d6a863333d0cd0f37d26b7,smc,employed_full_time,Smsms,And fk,Djdidjf,male,30_to_44,pacific,ios_mobile,50000_to_74999
1.15E+11,439881934,5/28/2026 22:03,5/28/2026 22:04,,,,,4b60ad9fa3bb4e2f72aea659ae,smc,employed_full_time,Won’t back down,Johnny cash,Motivates me,male,18_to_29,south_atlantic,ios_mobile,175000_to_199999
1.15E+11,439881934,5/28/2026 22:03,5/28/2026 22:03,,,,,5eb1c195ebb5250fe4412bcaf8,smc,employed_full_time,Diabolic,Slipknot,Greatness,male,30_to_44,east_south_central,android_mobile,10000_to_24999
1.15E+11,439881934,5/28/2026 22:03,5/28/2026 22:03,,,,,cd0967d89275f639803cd90bb4,smc,employed_full_time,Norfolk,Gherbo,Good,male,30_to_44,west_south_central,ios_mobile,25000_to_49999
1.15E+11,439881934,5/28/2026 22:02,5/28/2026 22:03,,,,,128e355d69114b95abf75b4af3,smc,employed_full_time,Ms jackson,Outcasts ,Happy and joy,male,18_to_29,new_england,ios_mobile,25000_to_49999
1.15E+11,439881934,5/28/2026 22:03,5/28/2026 22:03,,,,,c7ac76becd62e189413a9cf7eb,smc,employed_full_time,Are we still good ,H.E.R,Soothing ,male,18_to_29,south_atlantic,ios_mobile,25000_to_49999
1.15E+11,439881934,5/28/2026 22:03,5/28/2026 22:03,,,,,f70455238651f85e6e347ec875,smc,employed_full_time,",,😋👍👍👍"," ,,👍👍👍👍👍",😊👍👍👍👍👍,male,30_to_44,east_south_central,android_mobile,200000_and_up
1.15E+11,439881934,5/28/2026 22:02,5/28/2026 22:03,,,,,bf677e2a5a0accacc7d157c923,smc,employed_full_time,Look back at it ,A boogie ,Makes me feel calm and relaxed ,male,18_to_29,middle_atlantic,ios_mobile,50000_to_74999
1.15E+11,439881934,5/28/2026 22:02,5/28/2026 22:03,,,,,19b1d2a2d95759b8553dc659b0,smc,employed_full_time,Butterflies ,Michael Jackson ,Happiness ,male,18_to_29,south_atlantic,android_mobile,125000_to_149999
1.15E+11,439881934,5/28/2026 22:02,5/28/2026 22:03,,,,,bf4eab9618291bf2d76a2618e5,smc,employed_full_time,Sensing ,Chris brown ,I love to get motivated and inspired ,male,18_to_29,south_atlantic,ios_mobile,150000_to_174999
1.15E+11,439881934,5/28/2026 22:02,5/28/2026 22:03,,,,,175cfde3f718c91df33d218279,smc,employed_full_time,daughter,pearl jam,makes me sad thinking about my dad,male,30_to_44,east_north_central,android_mobile,10000_to_24999
1.15E+11,439881934,5/28/2026 22:02,5/28/2026 22:03,,,,,5df26bbce6256e474fb8566629,smc,employed_full_time,Don’t Change,Musiq Soulchild,Love,male,30_to_44,south_atlantic,ios_mobile,75000_to_99999
1.15E+11,439881934,5/28/2026 22:01,5/28/2026 22:03,,,,,a69f8efeee71adf45c79f3dd00,smc,employed_full_time,Chick Chick Boom,Stray Kids,Fun,female,30_to_44,east_north_central,android_mobile,25000_to_49999
1.15E+11,439881934,5/28/2026 22:01,5/28/2026 22:03,,,,,ce193e3d80962282508950278d,smc,employed_full_time,Circle of life,Carmen twillie,Nostalgia ,male,30_to_44,east_south_central,ios_mobile,150000_to_174999
1.15E+11,439881934,5/28/2026 22:02,5/28/2026 22:03,,,,,ad3181c5cbe5991a3b05979896,smc,employed_full_time,Volver Volver,Vicente Fernandez,Uplift,male,30_to_44,pacific,ios_mobile,150000_to_174999
1.15E+11,439881934,5/28/2026 22:02,5/28/2026 22:03,,,,,cdc4b1cfec42f9276d869bfd5b,smc,employed_full_time,Piano man ,Billy Joel,Nostalgia ,male,18_to_29,middle_atlantic,ios_mobile,200000_and_up
1.15E+11,439881934,5/28/2026 22:02,5/28/2026 22:03,,,,,c3c61a3b70832a98ef875a8077,smc,employed_full_time,The only ,The first time ,The only way I could do ,male,18_to_29,south_atlantic,ios_mobile,200000_and_up
1.15E+11,439881934,5/28/2026 22:02,5/28/2026 22:03,,,,,a251fd291bb8676294384a197f,smc,employed_full_time,Favorite thing,Sophie rose,Happiness,female,18_to_29,mountain,ios_mobile,50000_to_74999
1.15E+11,439881934,5/28/2026 22:02,5/28/2026 22:03,,,,,9e775bf26a2d2b650e24307e46,smc,employed_full_time,Faded ,Alan Walker ,Happiness ,male,30_to_44,pacific,ios_mobile,25000_to_49999
1.15E+11,439881934,5/28/2026 22:01,5/28/2026 22:03,,,,,a8a99621bb5945278c360fcc16,smc,employed_full_time,What’s my age again,Blink-182,Everytime I listen to this song it nostalgically reminds me of my age.,male,30_to_44,west_south_central,ios_mobile,50000_to_74999
1.15E+11,439881934,5/28/2026 22:01,5/28/2026 22:03,,,,,3d6bfc697725ca4f3f85f47210,smc,employed_full_time,Heartache,Backstreet Boys,Nostalgia and calming.,male,18_to_29,east_south_central,ios_mobile,50000_to_74999
1.15E+11,439881934,5/28/2026 22:02,5/28/2026 22:02,,,,,7d2ccb5f295662983bbc662952,smc,employed_full_time,Walk,Pantera,Confidence ,male,30_to_44,west_north_central,ios_mobile,0_to_9999
1.15E+11,439881934,5/28/2026 22:02,5/28/2026 22:02,,,,,c00ffa7835eb1b4b56211e68c9,smc,employed_full_time,billie jean,mj,yylh,female,30_to_44,new_england,android_mobile,100000_to_124999
1.15E+11,439881934,5/28/2026 22:01,5/28/2026 22:02,,,,,41c220d1bb05b6944eafa834ec,smc,employed_full_time,let me love you,mario,satisfaction,female,45_to_60,south_atlantic,android_mobile,150000_to_174999
1.15E+11,439881934,5/28/2026 22:02,5/28/2026 22:02,,,,,4a86ac9e24d14a35e78185eb81,smc,employed_full_time,Love song,Taylor swift ,Vibes ,male,18_to_29,south_atlantic,ios_mobile,50000_to_74999
1.15E+11,439881934,5/28/2026 22:01,5/28/2026 22:02,,,,,905cb25342d255f74fc85f44e9,smc,employed_full_time,Believer,Imagine dragons,Happy,female,30_to_44,middle_atlantic,ios_mobile,200000_and_up
1.15E+11,439881934,5/28/2026 22:01,5/28/2026 22:02,,,,,80f3408708976b231ba07a4cca,smc,employed_full_time,I want it that way,Backstreet Boys,Happy,female,30_to_44,middle_atlantic,ios_mobile,200000_and_up
1.15E+11,439881934,5/28/2026 22:02,5/28/2026 22:02,,,,,c367801536f3446a85be0888be,smc,employed_full_time,Ambition as a ridah,Tupac,Awesome ,male,30_to_44,west_south_central,android_mobile,25000_to_49999
1.15E+11,439881934,5/28/2026 22:02,5/28/2026 22:02,,,,,677979188ad1b100f63dfca00c,smc,employed_full_time,Animals,Maroon 5,Makes me sing it out loud,male,18_to_29,pacific,ios_mobile,10000_to_24999
1.15E+11,439881934,5/28/2026 22:01,5/28/2026 22:02,,,,,a9cafccfaeab250de8632d41ea,smc,employed_full_time,Fast car,Luke combs,Happy,male,30_to_44,new_england,android_mobile,200000_and_up
1.15E+11,439881934,5/28/2026 22:01,5/28/2026 22:02,,,,,4cc446c4b37f73bd61c4f682aa,smc,employed_full_time,3 little birds ,Bob Marley ,Happy ,male,18_to_29,pacific,android_mobile,25000_to_49999
1.15E+11,439881934,5/28/2026 22:01,5/28/2026 22:02,,,,,bed5fe809350cd0638be68a32d,smc,employed_full_time,leaves ,Miguel,Whenever I listen to this song it changes all of my emotions and just makes me feel 100 times better. I love this song ,male,18_to_29,south_atlantic,other,25000_to_49999
1.15E+11,439881934,5/28/2026 22:01,5/28/2026 22:02,,,,,0eb1d4d5bfac9eba731bc35ce8,smc,employed_full_time,Humble,Kendrick,Hype feelings,male,30_to_44,south_atlantic,pc_windows,200000_and_up
1.15E+11,439881934,5/28/2026 22:01,5/28/2026 22:02,,,,,06e03200325af428b34f585f71,smc,employed_full_time,Video vixen ,Fattmack,hurt,male,30_to_44,south_atlantic,ios_mobile,50000_to_74999
1.15E+11,439881934,5/28/2026 22:00,5/28/2026 22:02,,,,,359a8a1dc64c4a5334dafe9663,smc,employed_full_time,Ran to Atlanta,Drake,Happiness,female,45_to_60,east_north_central,ios_mobile,100000_to_124999
1.15E+11,439881934,5/28/2026 22:01,5/28/2026 22:01,,,,,a588d3658aa9e81e25073437e5,smc,employed_full_time,Hotel California,The eagles,Happiness,male,18_to_29,west_south_central,android_mobile,25000_to_49999
1.15E+11,439881934,5/28/2026 22:01,5/28/2026 22:01,,,,,51014ac4e8e286d115371e36fd,smc,employed_full_time,pigs,pink floyd,happiness,male,45_to_60,mountain,android_mobile,25000_to_49999
1.15E+11,439881934,5/28/2026 22:01,5/28/2026 22:01,,,,,44ed6ddb80eabc23fbe1475859,smc,employed_full_time,Ride,King von,EXCITEMENT,male,18_to_29,pacific,ios_mobile,50000_to_74999
